2026-02-01 18:49:23,18.90,74.00,298,Normal
2026-02-01 18:49:24,18.90,74.00,324,Normal
2026-02-01 18:49:26,18.80,74.00,326,Normal
2026-02-01 18:49:28,18.90,74.00,325,Normal
2026-02-01 18:49:30,18.90,74.00,325,Normal
2026-02-01 18:49:33,18.90,74.00,322,Normal
2026-02-01 18:49:35,18.90,74.00,218,Normal
2026-02-01 18:49:37,18.90,74.00,325,Normal
2026-02-01 18:49:39,19.00,75.00,342,Normal
2026-02-01 18:49:41,19.20,77.00,337,Normal
2026-02-01 18:49:43,19.40,80.00,325,Normal
2026-02-01 18:49:45,19.70,83.00,329,Normal
2026-02-01 18:49:47,19.90,84.00,327,Normal
2026-02-01 18:49:49,20.00,85.00,327,Normal
2026-02-01 18:49:51,20.20,85.00,323,Alta
2026-02-01 18:49:53,20.20,85.00,324,Alta
2026-02-01 18:49:55,20.30,86.00,301,Alta
2026-02-01 18:49:57,20.30,86.00,304,Alta
2026-02-01 18:49:59,20.40,87.00,302,Alta
2026-02-01 18:50:01,20.40,87.00,301,Alta
2026-02-01 18:50:03,20.40,87.00,304,Alta
2026-02-01 18:50:05,20.40,88.00,302,Alta
2026-02-01 18:50:07,20.30,88.00,312,Alta
2026-02-01 18:50:09,20.30,88.00,304,Alta
2026-02-01 18:50:11,20.30,88.00,311,Alta
2026-02-01 18:50:13,20.20,88.00,305,Alta
2026-02-01 18:50:15,20.20,89.00,311,Alta
2026-02-01 18:50:17,20.10,89.00,306,Alta
2026-02-01 18:50:19,20.10,89.00,303,Alta
2026-02-01 18:50:21,20.10,89.00,303,Alta
2026-02-01 18:50:23,20.00,89.00,304,Normal
2026-02-01 18:50:25,20.00,89.00,307,Normal
2026-02-01 18:50:27,20.00,89.00,335,Normal
2026-02-01 18:50:29,19.90,89.00,335,Normal
2026-02-01 18:50:31,19.90,89.00,336,Normal
2026-02-01 18:50:33,19.80,90.00,337,Normal
2026-02-01 18:50:35,19.80,90.00,338,Normal
2026-02-01 18:50:38,19.80,90.00,335,Normal
2026-02-01 18:50:40,19.70,90.00,336,Normal
19:17:07,18.70,74.00,309,Normal
19:17:08,18.70,74.00,316,Normal
19:17:09,18.70,74.00,317,Normal
19:17:10,18.70,74.00,323,Normal
19:17:11,18.70,74.00,319,Normal
19:17:12,18.70,74.00,366,Normal
19:17:13,18.70,74.00,359,Normal
19:17:14,18.70,74.00,363,Normal
19:17:15,18.70,74.00,364,Normal
19:17:16,18.70,74.00,364,Normal
19:17:17,18.70,74.00,363,Normal
19:17:18,18.70,74.00,364,Normal
19:17:19,18.70,74.00,363,Normal
19:17:20,18.70,74.00,365,Normal
19:17:21,18.70,74.00,378,Normal
19:17:22,18.70,74.00,378,Normal
19:17:23,18.70,74.00,379,Normal
19:17:24,18.70,74.00,376,Normal
19:17:25,18.70,74.00,370,Normal
19:17:26,18.70,74.00,370,Normal
19:17:27,18.70,74.00,328,Normal
19:17:28,18.70,74.00,326,Normal
19:17:29,18.70,74.00,324,Normal
19:17:30,18.70,74.00,241,Normal
19:17:31,18.70,74.00,282,Normal
19:17:32,18.70,74.00,297,Normal
19:17:33,18.70,74.00,296,Normal
19:17:34,18.70,74.00,305,Normal
19:17:35,18.70,74.00,318,Normal
19:17:36,18.70,74.00,324,Normal
19:17:37,18.70,74.00,328,Normal
19:17:38,18.70,74.00,307,Normal
19:17:39,18.70,74.00,284,Normal
19:17:40,18.70,74.00,272,Normal
19:17:41,18.70,74.00,241,Normal
19:17:42,18.70,74.00,282,Normal
19:17:43,18.70,74.00,295,Normal
19:17:44,18.70,74.00,309,Normal
19:17:45,18.70,74.00,310,Normal
19:17:46,18.70,74.00,310,Normal
19:17:47,18.70,74.00,316,Normal
19:17:48,18.70,74.00,322,Normal
19:17:49,18.70,74.00,324,Normal
19:17:50,18.70,74.00,325,Normal
19:17:51,18.80,75.00,324,Normal
19:17:52,18.80,75.00,322,Normal
19:17:53,18.80,75.00,321,Normal
19:17:54,18.80,75.00,322,Normal
19:17:55,18.90,77.00,322,Normal
19:17:56,18.90,77.00,324,Normal
19:17:57,18.90,77.00,325,Normal
19:17:58,18.90,77.00,325,Normal
19:17:59,19.10,78.00,324,Normal
19:18:00,19.10,78.00,326,Normal
19:18:01,19.10,78.00,328,Normal
19:18:02,19.10,78.00,367,Normal
19:18:03,19.20,80.00,370,Normal
19:18:04,19.20,80.00,371,Normal
19:18:05,19.20,80.00,372,Normal
19:18:06,19.20,80.00,372,Normal
19:18:07,19.40,81.00,332,Normal
19:18:08,19.40,81.00,371,Normal
19:18:09,19.40,81.00,369,Normal
19:18:10,19.40,81.00,342,Normal
19:18:11,19.50,81.00,319,Normal
19:18:12,19.50,81.00,288,Normal
19:18:13,19.50,81.00,264,Normal
19:18:14,19.50,81.00,244,Normal
19:18:15,19.50,82.00,267,Normal
19:18:16,19.50,82.00,296,Normal
19:18:17,19.50,82.00,309,Normal
19:18:18,19.50,82.00,346,Normal
19:18:19,19.60,82.00,355,Normal
19:18:20,19.60,82.00,325,Normal
19:18:21,19.60,82.00,317,Normal
19:18:22,19.60,82.00,315,Normal
19:18:23,19.80,83.00,326,Normal
19:18:24,19.80,83.00,335,Normal
19:18:25,19.80,83.00,323,Normal
19:18:26,19.80,83.00,322,Normal
19:18:27,19.90,84.00,323,Normal
19:18:28,19.90,84.00,321,Normal
19:18:29,19.90,84.00,322,Normal
19:18:30,19.90,84.00,322,Normal
19:18:31,20.10,85.00,321,Alta
19:18:32,20.10,85.00,321,Alta
19:18:33,20.10,85.00,322,Alta
19:18:34,20.10,85.00,321,Alta
19:18:35,20.30,86.00,322,Alta
19:18:36,20.30,86.00,322,Alta
19:18:37,20.30,86.00,322,Alta
19:18:38,20.30,86.00,312,Alta
19:18:39,20.50,86.00,311,Alta
19:18:40,20.50,86.00,311,Alta
19:18:41,20.50,86.00,312,Alta
19:18:42,20.50,86.00,311,Alta
19:18:43,20.60,87.00,322,Alta
19:18:44,20.60,87.00,323,Alta
19:18:45,20.60,87.00,320,Alta
19:18:46,20.60,87.00,307,Alta
19:18:47,20.60,87.00,283,Alta
19:18:48,20.60,87.00,265,Alta
19:18:49,20.60,87.00,231,Alta
19:18:50,20.60,87.00,234,Alta
19:18:51,20.70,87.00,305,Alta
19:18:52,20.70,87.00,311,Alta
19:18:53,20.70,87.00,309,Alta
19:18:54,20.70,87.00,299,Alta
19:18:55,20.70,87.00,278,Alta
19:18:56,20.70,87.00,245,Alta
19:18:57,20.70,87.00,228,Alta
19:18:58,20.70,87.00,252,Alta
19:18:59,20.70,88.00,308,Alta
19:19:00,20.70,88.00,328,Alta
19:19:01,20.70,88.00,358,Alta
19:19:02,20.70,88.00,336,Alta
19:19:03,20.90,89.00,320,Alta
19:19:04,20.90,89.00,327,Alta
19:19:05,20.90,89.00,331,Alta
19:19:06,20.90,89.00,335,Alta
19:19:07,21.10,90.00,332,Alta
19:19:08,21.10,90.00,329,Alta
19:19:09,21.10,90.00,327,Alta
19:19:10,21.10,90.00,325,Alta
19:19:11,21.50,91.00,317,Alta
19:19:12,21.50,91.00,309,Alta
19:19:13,21.50,91.00,295,Alta
19:19:14,21.50,91.00,273,Alta
19:19:15,21.80,92.00,236,Alta
19:19:16,21.80,92.00,303,Alta
19:19:17,21.80,92.00,323,Alta
19:19:18,21.80,92.00,353,Alta
19:19:19,22.20,92.00,367,Alta
19:19:20,22.20,92.00,362,Alta
19:19:21,22.20,92.00,345,Alta
19:19:22,22.20,92.00,339,Alta
19:19:23,22.40,93.00,336,Alta
19:19:24,22.40,93.00,333,Alta
19:19:25,22.40,93.00,312,Alta
19:19:26,22.40,93.00,328,Alta
19:19:27,22.70,93.00,316,Alta
19:19:28,22.70,93.00,315,Alta
19:19:29,22.70,93.00,316,Alta
19:19:30,22.70,93.00,316,Alta
19:19:31,23.00,94.00,317,Alta
19:19:32,23.00,94.00,317,Alta
19:19:33,23.00,94.00,318,Alta
19:19:34,23.00,94.00,322,Alta
19:19:35,23.20,94.00,323,Alta
19:19:36,23.20,94.00,324,Alta
19:19:37,23.20,94.00,324,Alta
19:19:38,23.20,94.00,323,Alta
19:19:39,23.40,94.00,324,Alta
19:19:40,23.40,94.00,325,Alta
19:19:41,23.40,94.00,326,Alta
19:19:42,23.40,94.00,325,Alta
19:19:43,23.50,94.00,325,Alta
19:19:44,23.50,94.00,313,Alta
19:19:45,23.50,94.00,315,Alta
19:19:46,23.50,94.00,316,Alta
19:19:47,23.60,94.00,316,Alta
19:19:48,23.60,94.00,316,Alta
19:19:49,23.60,94.00,316,Alta
19:19:50,23.60,94.00,317,Alta
19:19:51,23.60,94.00,315,Alta
19:19:52,23.60,94.00,316,Alta
19:19:53,23.60,94.00,317,Alta
19:19:54,23.60,94.00,316,Alta
19:19:55,23.60,94.00,316,Alta
19:19:56,23.60,94.00,317,Alta
19:19:57,23.60,94.00,317,Alta
19:19:58,23.60,94.00,317,Alta
19:19:59,23.60,94.00,300,Alta
19:20:00,23.60,94.00,300,Alta
19:20:01,23.60,94.00,300,Alta
19:20:02,23.60,94.00,295,Alta
19:20:03,23.60,94.00,295,Alta
19:20:04,23.60,94.00,295,Alta
19:20:05,23.60,94.00,295,Alta
19:20:06,23.60,94.00,295,Alta
19:20:07,23.50,95.00,297,Alta
19:20:08,23.50,95.00,295,Alta
19:20:09,23.50,95.00,296,Alta
19:20:10,23.50,95.00,296,Alta
19:20:11,23.40,95.00,296,Alta
19:20:12,23.40,95.00,296,Alta
19:20:13,23.40,95.00,296,Alta
19:20:14,23.40,95.00,297,Alta
19:20:15,23.30,95.00,296,Alta
19:20:16,23.30,95.00,299,Alta
19:20:17,23.30,95.00,306,Alta
19:20:18,23.30,95.00,309,Alta
19:20:19,23.20,95.00,307,Alta
19:20:20,23.20,95.00,307,Alta
19:20:21,23.20,95.00,303,Alta
19:20:22,23.20,95.00,304,Alta
19:20:23,23.10,95.00,308,Alta
19:20:24,23.10,95.00,311,Alta
19:20:25,23.10,95.00,309,Alta
19:20:26,23.10,95.00,310,Alta
19:20:27,23.00,95.00,307,Alta
19:20:28,23.00,95.00,305,Alta
19:20:29,23.00,95.00,311,Alta
19:20:30,23.00,95.00,314,Alta
19:20:31,22.90,95.00,317,Alta
19:20:32,22.90,95.00,316,Alta
19:20:33,22.90,95.00,314,Alta
19:20:34,22.90,95.00,315,Alta
19:20:35,22.80,95.00,320,Alta
19:20:36,22.80,95.00,315,Alta
19:20:37,22.80,95.00,312,Alta
19:20:38,22.80,95.00,313,Alta
19:20:39,22.60,95.00,315,Alta
19:20:40,22.60,95.00,316,Alta
19:20:41,22.60,95.00,323,Alta
19:20:42,22.60,95.00,325,Alta
19:20:43,22.60,95.00,316,Alta
19:20:44,22.60,95.00,315,Alta
19:20:45,22.60,95.00,314,Alta
19:20:46,22.60,95.00,312,Alta
19:20:47,22.40,95.00,308,Alta
19:20:48,22.40,95.00,312,Alta
19:20:49,22.40,95.00,311,Alta
19:20:50,22.40,95.00,308,Alta
19:20:51,22.30,95.00,308,Alta
19:20:52,22.30,95.00,307,Alta
19:20:53,22.30,95.00,307,Alta
19:20:54,22.30,95.00,309,Alta
19:20:55,22.20,95.00,309,Alta
19:20:56,22.20,95.00,304,Alta
19:20:57,22.20,95.00,305,Alta
19:20:58,22.20,95.00,302,Alta
19:20:59,22.10,95.00,309,Alta
19:21:00,22.10,95.00,310,Alta
19:21:01,22.10,95.00,305,Alta
19:21:02,22.10,95.00,311,Alta
19:21:03,22.00,95.00,312,Alta
19:21:04,22.00,95.00,310,Alta
19:21:05,22.00,95.00,309,Alta
19:21:06,22.00,95.00,309,Alta
19:21:07,21.90,95.00,308,Alta
19:21:08,21.90,95.00,307,Alta
19:21:09,21.90,95.00,309,Alta
19:21:10,21.90,95.00,310,Alta
19:21:11,21.80,95.00,312,Alta
19:21:12,21.80,95.00,310,Alta
19:21:13,21.80,95.00,312,Alta
19:21:14,21.80,95.00,311,Alta
19:21:15,21.70,95.00,310,Alta
19:21:16,21.70,95.00,305,Alta
19:21:17,21.70,95.00,298,Alta
19:21:18,21.70,95.00,298,Alta
19:21:19,21.60,95.00,304,Alta
19:21:20,21.60,95.00,304,Alta
19:21:21,21.60,95.00,304,Alta
19:21:22,21.60,95.00,303,Alta
19:21:23,21.50,95.00,299,Alta
19:21:24,21.50,95.00,298,Alta
19:21:25,21.50,95.00,292,Alta
19:21:26,21.50,95.00,294,Alta
19:21:27,21.30,95.00,296,Alta
19:21:28,21.30,95.00,294,Alta
19:21:29,21.30,95.00,298,Alta
19:21:30,21.30,95.00,297,Alta
19:21:31,21.20,95.00,295,Alta
19:21:32,21.20,95.00,295,Alta
19:21:33,21.20,95.00,296,Alta
19:21:34,21.20,95.00,295,Alta
19:21:35,21.10,96.00,298,Alta
19:21:36,21.10,96.00,298,Alta
19:21:37,21.10,96.00,299,Alta
19:21:38,21.10,96.00,299,Alta
19:21:39,21.00,96.00,298,Alta
19:21:40,21.00,96.00,289,Alta
19:21:41,21.00,96.00,297,Alta
19:21:42,21.00,96.00,293,Alta
19:21:43,20.90,96.00,289,Alta
19:21:44,20.90,96.00,287,Alta
19:21:45,20.90,96.00,293,Alta
19:21:46,20.90,96.00,294,Alta
19:21:47,20.80,96.00,294,Alta
19:21:48,20.80,96.00,295,Alta
19:21:49,20.80,96.00,296,Alta
19:21:50,20.80,96.00,296,Alta
19:21:51,20.70,96.00,298,Alta
19:21:52,20.70,96.00,298,Alta
19:21:53,20.70,96.00,298,Alta
19:21:54,20.70,96.00,298,Alta
19:21:55,20.60,95.00,299,Alta
19:21:56,20.60,95.00,299,Alta
19:21:57,20.60,95.00,300,Alta
19:21:58,20.60,95.00,301,Alta
19:21:59,20.50,95.00,300,Alta
19:22:00,20.50,95.00,297,Alta
19:22:01,20.50,95.00,295,Alta
19:22:02,20.50,95.00,294,Alta
19:22:03,20.50,96.00,292,Alta
19:22:04,20.50,96.00,292,Alta
19:22:05,20.50,96.00,292,Alta
19:22:06,20.50,96.00,291,Alta
19:22:07,20.40,96.00,293,Alta
19:22:08,20.40,96.00,294,Alta
19:22:09,20.40,96.00,295,Alta
19:22:10,20.40,96.00,295,Alta
19:22:11,20.30,96.00,294,Alta
19:22:12,20.30,96.00,284,Alta
19:22:13,20.30,96.00,297,Alta
19:22:15,20.30,96.00,296,Alta
19:22:16,20.30,96.00,296,Alta
19:22:17,20.30,96.00,296,Alta
19:22:18,20.30,96.00,297,Alta
19:22:19,20.30,96.00,297,Alta
19:22:20,20.20,96.00,298,Alta
19:22:21,20.20,96.00,300,Alta
19:22:22,20.20,96.00,304,Alta
19:22:23,20.20,96.00,305,Alta
19:22:24,20.20,96.00,330,Alta
19:22:25,20.20,96.00,356,Alta
19:22:26,20.20,96.00,316,Alta
19:22:27,20.20,96.00,317,Alta
19:22:28,20.10,96.00,313,Alta
19:22:29,20.10,96.00,311,Alta
19:22:30,20.10,96.00,310,Alta
19:22:31,20.10,96.00,309,Alta
19:22:32,20.10,96.00,309,Alta
19:22:33,20.10,96.00,308,Alta
19:22:34,20.10,96.00,306,Alta
19:22:35,20.10,96.00,302,Alta
19:22:36,20.00,96.00,299,Normal
19:22:37,20.00,96.00,297,Normal
19:22:38,20.00,96.00,296,Normal
19:22:39,20.00,96.00,295,Normal
19:22:40,19.90,96.00,294,Normal
19:22:41,19.90,96.00,293,Normal
19:22:42,19.90,96.00,292,Normal
19:22:43,19.90,96.00,293,Normal
19:22:44,19.90,96.00,293,Normal
19:22:45,19.90,96.00,293,Normal
19:22:46,19.90,96.00,294,Normal
19:22:47,19.90,96.00,294,Normal
19:22:48,19.90,96.00,292,Normal
19:22:49,19.90,96.00,292,Normal
19:22:50,19.90,96.00,292,Normal
19:22:51,19.90,96.00,292,Normal
19:22:52,19.80,96.00,292,Normal
19:22:53,19.80,96.00,293,Normal
19:22:54,19.80,96.00,293,Normal
19:22:55,19.80,96.00,293,Normal
19:22:56,19.80,96.00,304,Normal
19:22:57,19.80,96.00,307,Normal
19:22:58,19.80,96.00,309,Normal
19:22:59,19.80,96.00,301,Normal
19:23:00,19.80,96.00,296,Normal
19:23:01,19.80,96.00,297,Normal
19:23:02,19.80,96.00,299,Normal
19:23:03,19.80,96.00,296,Normal
19:23:04,19.70,96.00,298,Normal
19:23:05,19.70,96.00,296,Normal
19:23:06,19.70,96.00,294,Normal
19:23:07,19.70,96.00,293,Normal
19:23:08,19.70,96.00,294,Normal
19:23:09,19.70,96.00,293,Normal
19:23:10,19.70,96.00,293,Normal
19:23:11,19.70,96.00,293,Normal
19:23:12,19.70,96.00,295,Normal
19:23:13,19.70,96.00,295,Normal
19:23:14,19.70,96.00,297,Normal
19:23:15,19.70,96.00,296,Normal
19:23:16,19.70,96.00,297,Normal
19:23:17,19.70,96.00,298,Normal
19:23:18,19.70,96.00,303,Normal
19:23:19,19.70,96.00,309,Normal
19:23:20,19.60,96.00,310,Normal
19:23:21,19.60,96.00,307,Normal
19:23:22,19.60,96.00,303,Normal
19:23:23,19.60,96.00,299,Normal
19:23:24,19.60,96.00,295,Normal
19:23:25,19.60,96.00,295,Normal
19:23:26,19.60,96.00,299,Normal
19:23:27,19.60,96.00,300,Normal
19:23:28,19.60,96.00,298,Normal
19:23:29,19.60,96.00,296,Normal
19:23:30,19.60,96.00,298,Normal
19:23:31,19.60,96.00,297,Normal
19:23:32,19.60,96.00,295,Normal
19:23:33,19.60,96.00,292,Normal
19:23:34,19.60,96.00,288,Normal
19:23:35,19.60,96.00,287,Normal
19:23:36,19.50,96.00,286,Normal
19:23:37,19.50,96.00,286,Normal
19:23:38,19.50,96.00,285,Normal
19:23:39,19.50,96.00,284,Normal
19:23:40,19.50,96.00,290,Normal
19:23:41,19.50,96.00,294,Normal
19:23:42,19.50,96.00,297,Normal
19:23:43,19.50,96.00,339,Normal
19:23:44,19.50,96.00,304,Normal
19:23:45,19.50,96.00,291,Normal
19:23:46,19.50,96.00,281,Normal
19:23:47,19.50,96.00,280,Normal
19:23:48,19.50,96.00,279,Normal
19:23:49,19.50,96.00,278,Normal
19:23:50,19.50,96.00,279,Normal
19:23:51,19.50,96.00,281,Normal
19:23:52,19.40,96.00,282,Normal
19:23:53,19.40,96.00,288,Normal
19:23:54,19.40,96.00,330,Normal
19:23:55,19.40,96.00,346,Normal
19:23:56,19.40,96.00,347,Normal
19:23:57,19.40,96.00,345,Normal
19:23:58,19.40,96.00,293,Normal
19:23:59,19.40,96.00,288,Normal
19:24:00,19.40,96.00,288,Normal
19:24:01,19.40,96.00,292,Normal
19:24:02,19.40,96.00,296,Normal
19:24:03,19.40,96.00,299,Normal
19:24:04,19.40,96.00,300,Normal
19:24:05,19.40,96.00,299,Normal
19:24:06,19.40,96.00,296,Normal
19:24:07,19.40,96.00,294,Normal
19:24:08,19.30,96.00,294,Normal
19:24:09,19.30,96.00,292,Normal
19:24:10,19.30,96.00,293,Normal
19:24:11,19.30,96.00,294,Normal
19:24:12,19.30,96.00,293,Normal
19:24:13,19.30,96.00,293,Normal
19:24:14,19.30,96.00,305,Normal
19:24:15,19.30,96.00,307,Normal
19:24:16,19.30,96.00,288,Normal
19:24:17,19.30,96.00,286,Normal
19:24:18,19.30,96.00,286,Normal
19:24:19,19.30,96.00,286,Normal
19:24:20,19.30,96.00,286,Normal
19:24:21,19.30,96.00,288,Normal
19:24:22,19.30,96.00,288,Normal
19:24:23,19.30,96.00,288,Normal
19:24:24,19.30,96.00,289,Normal
19:24:25,19.30,96.00,290,Normal
19:24:26,19.30,96.00,290,Normal
19:24:27,19.30,96.00,292,Normal
19:24:28,19.30,96.00,293,Normal
19:24:29,19.30,96.00,293,Normal
19:24:30,19.30,96.00,295,Normal
19:24:31,19.30,96.00,297,Normal
19:24:32,19.30,96.00,298,Normal
19:24:33,19.30,96.00,301,Normal
19:24:34,19.30,96.00,302,Normal
19:24:35,19.30,96.00,303,Normal
19:24:36,19.30,96.00,302,Normal
19:24:37,19.30,96.00,301,Normal
19:24:38,19.30,96.00,301,Normal
19:24:39,19.30,96.00,298,Normal
19:24:40,19.30,96.00,298,Normal
19:24:41,19.30,96.00,294,Normal
19:24:42,19.30,96.00,293,Normal
19:24:43,19.30,96.00,290,Normal
19:24:44,19.20,96.00,288,Normal
19:24:45,19.20,96.00,284,Normal
19:24:46,19.20,96.00,283,Normal
19:24:47,19.20,96.00,286,Normal
19:24:48,19.20,96.00,287,Normal
19:24:49,19.20,96.00,287,Normal
19:24:50,19.20,96.00,288,Normal
19:24:51,19.20,96.00,289,Normal
19:24:52,19.20,96.00,290,Normal
19:24:53,19.20,96.00,291,Normal
19:24:54,19.20,96.00,292,Normal
19:24:55,19.20,96.00,293,Normal
19:24:56,19.20,96.00,295,Normal
19:24:57,19.20,96.00,300,Normal
19:24:58,19.20,96.00,303,Normal
19:24:59,19.20,96.00,305,Normal
19:25:00,19.20,96.00,304,Normal
19:25:01,19.20,96.00,306,Normal
19:25:02,19.20,96.00,308,Normal
19:25:03,19.20,96.00,305,Normal
19:25:04,19.20,96.00,306,Normal
19:25:05,19.20,96.00,305,Normal
19:25:06,19.20,96.00,305,Normal
19:25:07,19.20,96.00,302,Normal
19:25:08,19.10,96.00,301,Normal
19:25:09,19.10,96.00,300,Normal
19:25:10,19.10,96.00,298,Normal
19:25:11,19.10,96.00,298,Normal
19:25:12,19.10,96.00,298,Normal
19:25:13,19.10,96.00,295,Normal
19:25:14,19.10,96.00,292,Normal
19:25:15,19.10,96.00,286,Normal
19:25:16,19.10,96.00,277,Normal
19:25:17,19.10,96.00,141,Normal
19:25:18,19.10,96.00,137,Normal
19:25:19,19.10,96.00,131,Normal
19:25:20,19.10,96.00,129,Normal
19:25:21,19.10,96.00,130,Normal
19:25:22,19.10,96.00,132,Normal
19:25:23,19.10,96.00,134,Normal
19:25:24,19.10,96.00,128,Normal
19:25:25,19.10,96.00,129,Normal
19:25:26,19.10,96.00,120,Normal
19:25:27,19.10,96.00,130,Normal
19:25:28,19.10,96.00,134,Normal
19:25:29,19.10,96.00,132,Normal
19:25:30,19.10,96.00,131,Normal
19:25:31,19.10,96.00,130,Normal
19:25:32,19.00,96.00,136,Normal
19:25:33,19.00,96.00,136,Normal
19:25:34,19.00,96.00,138,Normal
19:25:35,19.00,96.00,132,Normal
19:25:36,19.10,96.00,100,Normal
19:25:37,19.10,96.00,130,Normal
19:25:38,19.10,96.00,133,Normal
19:25:39,19.10,96.00,277,Normal
19:25:40,19.00,96.00,303,Normal
19:25:41,19.00,96.00,307,Normal
19:25:42,19.00,96.00,306,Normal
19:25:43,19.00,96.00,303,Normal
19:25:44,19.00,96.00,305,Normal
19:25:45,19.00,96.00,303,Normal
19:25:46,19.00,96.00,301,Normal
19:25:47,19.00,96.00,299,Normal
19:25:48,19.00,96.00,300,Normal
19:25:49,19.00,96.00,325,Normal
19:25:50,19.00,96.00,326,Normal
19:25:51,19.00,96.00,325,Normal
19:25:52,19.00,96.00,325,Normal
19:25:53,19.00,96.00,324,Normal
19:25:54,19.00,96.00,323,Normal
19:25:55,19.00,96.00,324,Normal
19:25:56,19.00,96.00,325,Normal
19:25:57,19.00,96.00,325,Normal
19:25:58,19.00,96.00,324,Normal
19:25:59,19.00,96.00,323,Normal
19:26:00,19.00,96.00,322,Normal
19:26:01,19.00,96.00,323,Normal
19:26:02,19.00,96.00,324,Normal
19:26:03,19.00,96.00,325,Normal
19:26:04,19.00,96.00,326,Normal
19:26:05,19.00,96.00,326,Normal
19:26:06,19.00,96.00,318,Normal
19:26:07,19.00,96.00,303,Normal
19:26:08,19.00,96.00,295,Normal
19:26:09,19.00,96.00,292,Normal
19:26:10,19.00,96.00,295,Normal
19:26:11,19.00,96.00,298,Normal
19:26:12,19.00,96.00,299,Normal
19:26:13,19.00,96.00,303,Normal
19:26:14,19.00,96.00,304,Normal
19:26:15,19.00,96.00,303,Normal
19:26:16,19.00,96.00,303,Normal
19:26:17,19.00,96.00,304,Normal
19:26:18,19.00,96.00,305,Normal
19:26:19,19.00,96.00,305,Normal
19:26:20,19.00,96.00,305,Normal
19:26:21,19.00,96.00,304,Normal
19:26:22,19.00,96.00,301,Normal
19:26:23,19.00,96.00,309,Normal
19:26:24,19.00,96.00,321,Normal
19:26:25,19.00,96.00,325,Normal
19:26:26,19.00,96.00,324,Normal
19:26:27,19.00,96.00,322,Normal
19:26:28,19.00,96.00,325,Normal
19:26:29,19.00,96.00,324,Normal
19:26:30,19.00,96.00,324,Normal
19:26:31,19.00,96.00,323,Normal
19:26:32,19.00,96.00,322,Normal
19:26:33,19.00,96.00,323,Normal
19:26:34,19.00,96.00,325,Normal
19:26:35,19.00,96.00,325,Normal
19:26:36,19.00,96.00,325,Normal
19:26:37,19.00,96.00,326,Normal
19:26:38,19.00,96.00,326,Normal
19:26:39,19.00,96.00,325,Normal
19:26:40,18.90,96.00,325,Normal
19:26:41,18.90,96.00,325,Normal
19:26:42,18.90,96.00,332,Normal
19:26:43,18.90,96.00,334,Normal
19:26:44,18.90,96.00,334,Normal
19:26:45,18.90,96.00,335,Normal
19:26:46,18.90,96.00,335,Normal
19:26:47,18.90,96.00,334,Normal
19:26:48,18.90,96.00,334,Normal
19:26:49,18.90,96.00,335,Normal
19:26:50,18.90,96.00,334,Normal
19:26:51,18.90,96.00,334,Normal
19:26:52,18.90,96.00,333,Normal
19:26:53,18.90,96.00,331,Normal
19:26:54,18.90,96.00,330,Normal
19:26:55,18.90,96.00,328,Normal
19:26:56,18.90,96.00,324,Normal
19:26:57,18.90,96.00,324,Normal
19:26:58,18.90,96.00,325,Normal
19:26:59,18.90,96.00,328,Normal
19:27:00,18.90,96.00,328,Normal
19:27:01,18.90,96.00,328,Normal
19:27:02,18.90,96.00,329,Normal
19:27:03,18.90,96.00,328,Normal
19:27:04,18.90,96.00,329,Normal
19:27:05,18.90,96.00,330,Normal
19:27:06,18.90,96.00,332,Normal
19:27:07,18.90,96.00,332,Normal
19:27:08,18.90,96.00,332,Normal
19:27:09,18.90,96.00,329,Normal
19:27:10,18.90,96.00,327,Normal
19:27:11,18.90,96.00,327,Normal
19:27:12,18.90,96.00,327,Normal
19:27:13,18.90,96.00,324,Normal
19:27:14,18.90,96.00,323,Normal
19:27:15,18.90,96.00,323,Normal
19:27:16,18.90,95.00,327,Normal
19:27:17,18.90,95.00,326,Normal
19:27:18,18.90,95.00,326,Normal
19:27:19,18.90,95.00,325,Normal
19:27:20,18.90,95.00,323,Normal
19:27:21,18.90,95.00,323,Normal
19:27:22,18.90,95.00,324,Normal
19:27:23,18.90,95.00,330,Normal
19:27:24,18.90,95.00,332,Normal
19:27:25,18.90,95.00,335,Normal
19:27:27,18.90,95.00,336,Normal
19:27:28,18.90,95.00,336,Normal
19:27:29,18.90,95.00,336,Normal
19:27:30,18.90,95.00,336,Normal
19:27:31,18.90,95.00,336,Normal
19:27:32,18.90,95.00,335,Normal
19:27:33,18.90,95.00,336,Normal
19:27:34,18.90,95.00,311,Normal
19:27:35,18.90,95.00,307,Normal
19:27:36,18.90,95.00,314,Normal
19:27:37,18.90,95.00,322,Normal
19:27:38,18.90,95.00,299,Normal
19:27:39,18.90,95.00,296,Normal
19:27:40,18.90,95.00,298,Normal
19:27:41,18.90,95.00,295,Normal
19:27:42,18.90,95.00,317,Normal
19:27:43,18.90,95.00,326,Normal
19:27:44,18.90,95.00,328,Normal
19:27:45,18.90,95.00,328,Normal
19:27:46,18.90,95.00,326,Normal
19:27:47,18.90,95.00,325,Normal
19:27:48,18.90,95.00,325,Normal
19:27:49,18.90,95.00,324,Normal
19:27:50,18.90,95.00,324,Normal
19:27:51,18.90,95.00,325,Normal
19:27:52,18.90,95.00,328,Normal
19:27:53,18.90,95.00,329,Normal
19:27:54,18.90,95.00,330,Normal
19:27:55,18.90,95.00,332,Normal
19:27:56,18.90,95.00,332,Normal
19:27:57,18.90,95.00,333,Normal
19:27:58,18.90,95.00,334,Normal
19:27:59,18.90,95.00,332,Normal
19:28:00,18.90,95.00,332,Normal
19:28:01,18.90,95.00,332,Normal
19:28:02,18.90,95.00,349,Normal
19:28:03,18.90,95.00,352,Normal
19:28:04,18.90,95.00,352,Normal
19:28:05,18.90,95.00,352,Normal
19:28:06,18.90,95.00,353,Normal
19:28:07,18.90,95.00,353,Normal
19:28:08,18.90,95.00,353,Normal
19:28:09,18.80,95.00,353,Normal
19:28:10,18.80,95.00,352,Normal
19:28:11,18.80,95.00,353,Normal
19:28:12,18.80,95.00,352,Normal
19:28:13,18.80,95.00,350,Normal
19:28:14,18.80,95.00,350,Normal
19:28:15,18.80,95.00,350,Normal
19:28:16,18.80,95.00,349,Normal
19:28:17,18.80,95.00,349,Normal
19:28:18,18.80,95.00,350,Normal
19:28:19,18.80,95.00,350,Normal
19:28:20,18.80,95.00,359,Normal
19:28:21,18.80,94.00,355,Normal
19:28:22,18.80,94.00,357,Normal
19:28:23,18.80,94.00,347,Normal
19:28:24,18.80,94.00,352,Normal
19:28:25,18.80,94.00,351,Normal
19:28:26,18.80,94.00,349,Normal
19:28:27,18.80,94.00,350,Normal
19:28:28,18.80,94.00,348,Normal
19:28:29,18.70,94.00,347,Normal
19:28:30,18.70,94.00,348,Normal
19:28:31,18.70,94.00,353,Normal
19:28:32,18.70,94.00,353,Normal
19:28:33,18.70,94.00,352,Normal
19:28:34,18.70,94.00,352,Normal
19:28:35,18.70,94.00,353,Normal
19:28:36,18.70,94.00,354,Normal
19:28:37,18.70,93.00,353,Normal
19:28:38,18.70,93.00,354,Normal
19:28:39,18.70,93.00,356,Normal
19:28:40,18.70,93.00,357,Normal
19:28:41,18.70,93.00,359,Normal
19:28:42,18.70,93.00,360,Normal
19:28:43,18.70,93.00,359,Normal
19:28:44,18.70,93.00,360,Normal
19:28:45,18.70,94.00,360,Normal
19:28:46,18.70,94.00,359,Normal
19:28:47,18.70,94.00,357,Normal
19:28:48,18.70,94.00,357,Normal
19:28:49,18.70,94.00,354,Normal
19:28:50,18.70,94.00,354,Normal
19:28:51,18.70,94.00,353,Normal
19:28:52,18.70,94.00,355,Normal
19:28:53,18.70,94.00,357,Normal
19:28:54,18.70,94.00,359,Normal
19:28:55,18.70,94.00,358,Normal
19:28:56,18.70,94.00,357,Normal
19:28:57,18.70,94.00,358,Normal
19:28:58,18.70,94.00,358,Normal
19:28:59,18.70,94.00,356,Normal
19:29:00,18.70,94.00,353,Normal
19:29:01,18.80,94.00,353,Normal
19:29:02,18.80,94.00,355,Normal
19:29:03,18.80,94.00,354,Normal
19:29:04,18.80,94.00,353,Normal
19:29:05,18.80,94.00,352,Normal
19:29:06,18.80,94.00,323,Normal
19:29:07,18.80,94.00,335,Normal
19:29:08,18.80,94.00,336,Normal
19:29:09,18.80,94.00,331,Normal
19:29:10,18.80,94.00,322,Normal
19:29:11,18.80,94.00,308,Normal
19:29:12,18.80,94.00,306,Normal
19:29:13,18.70,93.00,307,Normal
19:29:14,18.70,93.00,313,Normal
19:29:15,18.70,93.00,314,Normal
19:29:16,18.70,93.00,319,Normal
19:29:17,18.70,93.00,317,Normal
19:29:18,18.70,93.00,318,Normal
19:29:19,18.70,93.00,319,Normal
19:29:20,18.70,93.00,317,Normal
19:29:21,18.70,94.00,317,Normal
19:29:22,18.70,94.00,316,Normal
19:29:23,18.70,94.00,317,Normal
19:29:24,18.70,94.00,317,Normal
19:29:25,18.70,93.00,319,Normal
19:29:26,18.70,93.00,316,Normal
19:29:27,18.70,93.00,316,Normal
19:29:28,18.70,93.00,316,Normal
19:29:29,18.70,93.00,311,Normal
19:29:30,18.70,93.00,308,Normal
19:29:35,18.70,93.00,306,Normal
19:29:53,18.70,93.00,313,Normal
19:29:59,18.70,93.00,311,Normal
19:30:23,18.70,93.00,311,Normal
19:30:27,18.70,93.00,312,Normal
19:30:37,18.70,93.00,316,Normal
19:31:02,22.90,98.00,238,Alta
19:31:03,22.90,98.00,243,Alta
19:31:04,22.90,98.00,249,Alta
19:31:05,22.90,98.00,248,Alta
19:31:06,22.80,98.00,309,Alta
19:31:07,22.80,98.00,285,Alta
19:31:08,22.80,98.00,285,Alta
19:31:09,22.80,98.00,286,Alta
19:31:10,22.70,98.00,285,Alta
19:31:11,22.70,98.00,285,Alta
19:31:12,22.70,98.00,285,Alta
19:31:13,22.70,98.00,285,Alta
19:31:14,22.60,98.00,285,Alta
19:31:15,22.60,98.00,286,Alta
19:31:16,22.60,98.00,286,Alta
19:31:17,22.60,98.00,287,Alta
19:31:18,22.60,98.00,287,Alta
19:31:19,22.60,98.00,288,Alta
19:31:20,22.60,98.00,288,Alta
19:31:21,22.60,98.00,289,Alta
19:31:22,22.50,98.00,290,Alta
19:31:23,22.50,98.00,291,Alta
19:31:24,22.50,98.00,290,Alta
19:31:25,22.50,98.00,292,Alta
19:31:26,22.40,98.00,294,Alta
19:31:27,22.40,98.00,336,Alta
19:31:28,22.40,98.00,337,Alta
19:31:29,22.40,98.00,336,Alta
19:31:30,22.30,98.00,335,Alta
19:31:31,22.30,98.00,337,Alta
19:31:32,22.30,98.00,337,Alta
19:31:33,22.30,98.00,337,Alta
19:31:34,22.20,98.00,336,Alta
19:31:35,22.20,98.00,336,Alta
19:31:36,22.20,98.00,335,Alta
19:31:37,22.20,98.00,335,Alta
19:31:38,22.10,98.00,336,Alta
19:31:39,22.10,98.00,336,Alta
19:31:40,22.10,98.00,336,Alta
19:31:41,22.10,98.00,335,Alta
19:31:42,22.00,98.00,334,Alta
19:31:43,22.00,98.00,332,Alta
19:31:44,22.00,98.00,328,Alta
19:31:45,22.00,98.00,329,Alta
19:31:46,21.90,98.00,328,Alta
19:31:47,21.90,98.00,329,Alta
19:31:48,21.90,98.00,330,Alta
19:31:49,21.90,98.00,331,Alta
19:31:50,21.80,98.00,331,Alta
19:31:51,21.80,98.00,330,Alta
19:31:52,21.80,98.00,328,Alta
19:31:53,21.80,98.00,326,Alta
19:31:54,21.70,98.00,326,Alta
19:31:55,21.70,98.00,327,Alta
19:31:56,21.70,98.00,325,Alta
19:31:57,21.70,98.00,324,Alta
19:31:58,21.60,98.00,324,Alta
19:31:59,21.60,98.00,296,Alta
19:32:00,21.60,98.00,299,Alta
19:32:01,21.60,98.00,299,Alta
19:32:02,21.60,98.00,322,Alta
19:32:03,21.60,98.00,314,Alta
19:32:04,21.60,98.00,325,Alta
19:32:05,21.60,98.00,328,Alta
19:32:06,21.50,98.00,329,Alta
19:32:07,21.50,98.00,330,Alta
19:32:08,21.50,98.00,331,Alta
19:32:09,21.50,98.00,332,Alta
19:32:10,21.40,98.00,332,Alta
19:32:11,21.40,98.00,332,Alta
19:32:12,21.40,98.00,332,Alta
19:32:13,21.40,98.00,331,Alta
19:32:14,21.30,98.00,329,Alta
19:32:15,21.30,98.00,329,Alta
19:32:16,21.30,98.00,328,Alta
19:32:17,21.30,98.00,329,Alta
19:32:18,21.30,98.00,329,Alta
19:32:19,21.30,98.00,329,Alta
19:32:20,21.30,98.00,330,Alta
19:32:21,21.30,98.00,329,Alta
19:32:22,21.20,98.00,329,Alta
19:32:23,21.20,98.00,329,Alta
19:32:24,21.20,98.00,330,Alta
19:32:25,21.20,98.00,329,Alta
19:32:26,21.20,98.00,331,Alta
19:32:27,21.20,98.00,330,Alta
19:32:28,21.20,98.00,332,Alta
19:32:29,21.20,98.00,331,Alta
19:32:30,21.10,98.00,331,Alta
19:32:31,21.10,98.00,329,Alta
19:32:32,21.10,98.00,333,Alta
19:32:33,21.10,98.00,333,Alta
19:32:34,21.10,98.00,332,Alta
19:32:35,21.10,98.00,331,Alta
19:32:36,21.10,98.00,333,Alta
19:32:37,21.10,98.00,332,Alta
19:32:38,21.00,98.00,337,Alta
19:32:39,21.00,98.00,338,Alta
19:32:40,21.00,98.00,336,Alta
19:32:41,21.00,98.00,336,Alta
19:32:42,21.00,98.00,335,Alta
19:32:43,21.00,98.00,334,Alta
19:32:44,21.00,98.00,335,Alta
19:32:45,21.00,98.00,336,Alta
19:32:46,20.90,98.00,330,Alta
19:32:47,20.90,98.00,332,Alta
19:32:48,20.90,98.00,334,Alta
19:32:49,20.90,98.00,334,Alta
19:32:50,20.90,98.00,335,Alta
19:32:51,20.90,98.00,335,Alta
19:32:52,20.90,98.00,335,Alta
19:32:53,20.90,98.00,335,Alta
19:32:54,20.80,98.00,335,Alta
19:32:55,20.80,98.00,336,Alta
19:32:56,20.80,98.00,335,Alta
19:32:57,20.80,98.00,335,Alta
19:32:58,20.80,98.00,335,Alta
19:32:59,20.80,98.00,335,Alta
19:33:00,20.80,98.00,335,Alta
19:33:01,20.80,98.00,331,Alta
19:33:02,20.70,98.00,331,Alta
19:33:03,20.70,98.00,336,Alta
19:33:04,20.70,98.00,332,Alta
19:33:05,20.70,98.00,332,Alta
19:33:06,20.70,98.00,333,Alta
19:33:07,20.70,98.00,333,Alta
19:33:08,20.70,98.00,334,Alta
19:33:09,20.70,98.00,333,Alta
19:33:10,20.70,98.00,333,Alta
19:33:11,20.70,98.00,333,Alta
19:33:12,20.70,98.00,334,Alta
19:33:13,20.70,98.00,334,Alta
19:33:14,20.60,98.00,334,Alta
19:33:15,20.60,98.00,334,Alta
19:33:16,20.60,98.00,334,Alta
19:33:17,20.60,98.00,335,Alta
19:33:18,20.60,98.00,334,Alta
19:33:19,20.60,98.00,334,Alta
19:33:20,20.60,98.00,334,Alta
19:33:21,20.60,98.00,335,Alta
19:33:22,20.60,98.00,335,Alta
19:33:23,20.60,98.00,335,Alta
19:33:24,20.60,98.00,335,Alta
19:33:25,20.60,98.00,334,Alta
19:33:26,20.50,98.00,335,Alta
19:33:27,20.50,98.00,334,Alta
19:33:28,20.50,98.00,335,Alta
19:33:29,20.50,98.00,335,Alta
19:33:30,20.50,98.00,336,Alta
19:33:31,20.50,98.00,336,Alta
19:33:32,20.50,98.00,336,Alta
19:33:33,20.50,98.00,337,Alta
19:33:34,20.40,98.00,337,Alta
19:33:35,20.40,98.00,337,Alta
19:33:36,20.40,98.00,337,Alta
19:33:37,20.40,98.00,338,Alta
19:33:38,20.40,98.00,338,Alta
19:33:39,20.40,98.00,338,Alta
19:33:40,20.40,98.00,339,Alta
19:33:41,20.40,98.00,338,Alta
19:33:42,20.40,98.00,339,Alta
19:33:43,20.40,98.00,339,Alta
19:33:44,20.40,98.00,339,Alta
19:33:45,20.40,98.00,339,Alta
19:33:46,20.30,98.00,340,Alta
19:33:47,20.30,98.00,342,Alta
19:33:48,20.30,98.00,344,Alta
19:33:49,20.30,98.00,345,Alta
19:33:50,20.30,98.00,347,Alta
19:33:51,20.30,98.00,350,Alta
19:33:52,20.30,98.00,349,Alta
19:33:53,20.30,98.00,349,Alta
19:33:54,20.30,98.00,347,Alta
19:33:55,20.30,98.00,344,Alta
19:33:56,20.30,98.00,343,Alta
19:33:57,20.30,98.00,343,Alta
19:33:58,20.20,98.00,340,Alta
19:33:59,20.20,98.00,338,Alta
19:34:00,20.20,98.00,335,Alta
19:34:01,20.20,98.00,334,Alta
19:34:02,20.20,98.00,335,Alta
19:34:03,20.20,98.00,335,Alta
19:34:04,20.20,98.00,337,Alta
19:34:05,20.20,98.00,337,Alta
19:34:06,20.20,98.00,334,Alta
19:34:07,20.20,98.00,331,Alta
19:34:08,20.20,98.00,331,Alta
19:34:09,20.20,98.00,332,Alta
19:34:10,20.10,98.00,333,Alta
19:34:11,20.10,98.00,333,Alta
19:34:12,20.10,98.00,334,Alta
19:34:13,20.10,98.00,335,Alta
19:34:14,20.10,98.00,335,Alta
19:34:15,20.10,98.00,335,Alta
19:34:16,20.10,98.00,335,Alta
19:34:17,20.10,98.00,335,Alta
19:34:18,20.10,98.00,336,Alta
19:34:19,20.10,98.00,335,Alta
19:34:20,20.10,98.00,335,Alta
19:34:21,20.10,98.00,333,Alta
19:34:22,20.10,98.00,334,Alta
19:34:23,20.10,98.00,333,Alta
19:34:24,20.10,98.00,333,Alta
19:34:25,20.10,98.00,333,Alta
19:34:26,20.00,98.00,333,Normal
19:34:27,20.00,98.00,334,Normal
19:34:28,20.00,98.00,336,Normal
19:34:29,20.00,98.00,337,Normal
19:34:30,20.00,98.00,337,Normal
19:34:31,20.00,98.00,336,Normal
19:34:32,20.00,98.00,336,Normal
19:34:33,20.00,98.00,335,Normal
19:34:34,20.00,98.00,335,Normal
19:34:35,20.00,98.00,332,Normal
19:34:36,20.00,98.00,332,Normal
19:34:37,20.00,98.00,333,Normal
19:34:39,20.00,98.00,333,Normal
19:34:40,20.00,98.00,332,Normal
19:34:41,20.00,98.00,333,Normal
19:34:42,20.00,98.00,333,Normal
19:34:43,20.00,98.00,332,Normal
19:34:44,20.00,98.00,333,Normal
19:34:45,20.00,98.00,332,Normal
19:34:46,20.00,98.00,332,Normal
19:34:47,19.90,98.00,333,Normal
19:34:48,19.90,98.00,335,Normal
19:34:49,19.90,98.00,338,Normal
19:34:50,19.90,98.00,338,Normal
19:34:51,19.90,98.00,337,Normal
19:34:52,19.90,98.00,335,Normal
19:34:53,19.90,98.00,333,Normal
19:34:54,19.90,98.00,334,Normal
19:34:55,19.90,98.00,334,Normal
19:34:56,19.90,98.00,334,Normal
19:34:57,19.90,98.00,336,Normal
19:34:58,19.90,98.00,336,Normal
19:34:59,19.90,98.00,336,Normal
19:35:00,19.90,98.00,335,Normal
19:35:01,19.90,98.00,334,Normal
19:35:02,19.90,98.00,332,Normal
19:35:03,19.80,98.00,330,Normal
19:35:04,19.80,98.00,325,Normal
19:35:05,19.80,98.00,326,Normal
19:35:06,19.80,98.00,326,Normal
19:35:07,19.80,98.00,328,Normal
19:35:08,19.80,98.00,332,Normal
19:35:09,19.80,98.00,329,Normal
19:35:10,19.80,98.00,322,Normal
19:35:11,19.80,98.00,327,Normal
19:35:12,19.80,98.00,330,Normal
19:35:13,19.80,98.00,332,Normal
19:35:14,19.80,98.00,333,Normal
19:35:15,19.80,98.00,334,Normal
19:35:16,19.80,98.00,335,Normal
19:35:17,19.80,98.00,336,Normal
19:35:18,19.80,98.00,336,Normal
19:35:19,19.80,98.00,336,Normal
19:35:20,19.80,98.00,337,Normal
19:35:21,19.80,98.00,336,Normal
19:35:22,19.80,98.00,335,Normal
19:35:23,19.70,98.00,335,Normal
19:35:24,19.70,98.00,336,Normal
19:35:25,19.70,98.00,335,Normal
19:35:26,19.70,98.00,333,Normal
19:35:27,19.70,98.00,332,Normal
19:35:28,19.70,98.00,333,Normal
19:35:29,19.70,98.00,332,Normal
19:35:30,19.70,98.00,335,Normal
19:35:31,19.70,98.00,334,Normal
19:35:32,19.70,98.00,336,Normal
19:35:33,19.70,98.00,334,Normal
19:35:34,19.70,98.00,339,Normal
19:35:35,19.70,98.00,337,Normal
19:35:36,19.70,98.00,334,Normal
19:35:37,19.70,98.00,329,Normal
19:35:38,19.70,98.00,327,Normal
19:35:39,19.70,98.00,322,Normal
19:35:40,19.70,98.00,321,Normal
19:35:41,19.70,98.00,319,Normal
19:35:42,19.70,98.00,321,Normal
19:35:43,19.60,98.00,328,Normal
19:35:44,19.60,98.00,330,Normal
19:35:45,19.60,98.00,329,Normal
19:35:46,19.60,98.00,328,Normal
19:35:47,19.60,98.00,328,Normal
19:35:48,19.60,98.00,327,Normal
19:35:49,19.60,98.00,328,Normal
19:35:50,19.60,98.00,328,Normal
19:35:51,19.60,98.00,328,Normal
19:35:52,19.60,98.00,330,Normal
19:35:53,19.60,98.00,330,Normal
19:35:54,19.60,98.00,330,Normal
19:35:55,19.60,98.00,331,Normal
19:35:56,19.60,98.00,332,Normal
19:35:57,19.60,98.00,332,Normal
19:35:58,19.60,98.00,333,Normal
19:35:59,19.60,98.00,332,Normal
19:36:00,19.60,98.00,335,Normal
19:36:01,19.60,98.00,336,Normal
19:36:02,19.60,98.00,335,Normal
19:36:03,19.60,98.00,336,Normal
19:36:04,19.60,98.00,336,Normal
19:36:05,19.60,98.00,335,Normal
19:36:06,19.60,98.00,336,Normal
19:36:07,19.60,98.00,335,Normal
19:36:08,19.60,98.00,335,Normal
19:36:09,19.60,98.00,335,Normal
19:36:10,19.60,98.00,335,Normal
19:36:11,19.50,98.00,335,Normal
19:36:12,19.50,98.00,335,Normal
19:36:13,19.50,98.00,334,Normal
19:36:14,19.50,98.00,335,Normal
19:36:15,19.50,98.00,336,Normal
19:36:16,19.50,98.00,336,Normal
19:36:17,19.50,98.00,335,Normal
19:36:18,19.50,98.00,336,Normal
19:36:19,19.50,98.00,337,Normal
19:36:20,19.50,98.00,335,Normal
19:36:21,19.50,98.00,337,Normal
19:36:22,19.50,98.00,337,Normal
19:36:23,19.50,98.00,338,Normal
19:36:24,19.50,98.00,338,Normal
19:36:25,19.50,98.00,338,Normal
19:36:26,19.50,98.00,337,Normal
19:36:27,19.50,98.00,334,Normal
19:36:28,19.50,98.00,333,Normal
19:36:29,19.50,98.00,333,Normal
19:36:30,19.50,98.00,333,Normal
19:36:31,19.50,98.00,333,Normal
19:36:32,19.50,98.00,333,Normal
19:36:33,19.50,98.00,332,Normal
19:36:34,19.50,98.00,334,Normal
19:36:35,19.40,98.00,333,Normal
19:36:36,19.40,98.00,333,Normal
19:36:37,19.40,98.00,333,Normal
19:36:38,19.40,98.00,333,Normal
19:36:39,19.40,98.00,333,Normal
19:36:40,19.40,98.00,333,Normal
19:36:41,19.40,98.00,333,Normal
19:36:42,19.40,98.00,333,Normal
19:36:43,19.40,98.00,332,Normal
19:36:44,19.40,98.00,332,Normal
19:36:45,19.40,98.00,333,Normal
19:36:46,19.40,98.00,333,Normal
19:36:47,19.40,98.00,334,Normal
19:36:48,19.40,98.00,335,Normal
19:36:49,19.40,98.00,336,Normal
19:36:50,19.40,98.00,337,Normal
19:36:51,19.40,98.00,338,Normal
19:36:52,19.40,98.00,338,Normal
19:36:53,19.40,98.00,338,Normal
19:36:54,19.40,98.00,338,Normal
19:36:55,19.40,98.00,338,Normal
19:36:56,19.40,98.00,339,Normal
19:36:57,19.40,98.00,335,Normal
19:36:58,19.40,98.00,332,Normal
19:36:59,19.40,98.00,331,Normal
19:37:00,19.40,98.00,326,Normal
19:37:01,19.40,98.00,335,Normal
19:37:02,19.40,98.00,331,Normal
19:37:03,19.40,98.00,332,Normal
19:37:04,19.40,98.00,334,Normal
19:37:05,19.40,98.00,332,Normal
19:37:06,19.40,98.00,334,Normal
19:37:07,19.30,98.00,334,Normal
19:37:08,19.30,98.00,334,Normal
19:37:09,19.30,98.00,336,Normal
19:37:10,19.30,98.00,335,Normal
19:37:11,19.30,98.00,334,Normal
19:37:12,19.30,98.00,335,Normal
19:37:13,19.30,98.00,334,Normal
19:37:14,19.30,98.00,335,Normal
19:37:15,19.30,98.00,335,Normal
19:37:16,19.30,98.00,335,Normal
19:37:17,19.30,98.00,334,Normal
19:37:18,19.30,98.00,334,Normal
19:37:19,19.30,98.00,333,Normal
19:37:20,19.30,98.00,333,Normal
19:37:21,19.30,98.00,333,Normal
19:37:22,19.30,98.00,333,Normal
19:37:23,19.30,98.00,333,Normal
19:37:24,19.30,98.00,333,Normal
19:37:25,19.30,98.00,333,Normal
19:37:26,19.30,98.00,333,Normal
19:37:27,19.30,98.00,333,Normal
19:37:28,19.30,98.00,333,Normal
19:37:29,19.30,98.00,333,Normal
19:37:30,19.30,98.00,333,Normal
19:37:31,19.30,98.00,333,Normal
19:37:32,19.30,98.00,333,Normal
19:37:33,19.30,98.00,333,Normal
19:37:34,19.30,98.00,333,Normal
19:37:35,19.30,98.00,333,Normal
19:37:36,19.30,98.00,334,Normal
19:37:37,19.30,98.00,334,Normal
19:37:38,19.30,98.00,334,Normal
19:37:39,19.30,98.00,334,Normal
19:37:40,19.30,98.00,334,Normal
19:37:41,19.30,98.00,334,Normal
19:37:42,19.30,98.00,335,Normal
19:37:43,19.20,98.00,334,Normal
19:37:44,19.20,98.00,334,Normal
19:37:45,19.20,98.00,335,Normal
19:37:46,19.20,98.00,335,Normal
19:37:47,19.20,98.00,335,Normal
19:37:48,19.20,98.00,334,Normal
19:37:49,19.20,98.00,335,Normal
19:37:50,19.20,98.00,355,Normal
19:37:51,19.20,98.00,355,Normal
19:37:52,19.20,98.00,355,Normal
19:37:53,19.20,98.00,355,Normal
19:37:54,19.20,98.00,355,Normal
19:37:55,19.20,98.00,356,Normal
19:37:56,19.20,98.00,355,Normal
19:37:57,19.20,98.00,355,Normal
19:37:58,19.20,98.00,356,Normal
19:37:59,19.20,98.00,358,Normal
19:38:00,19.20,98.00,358,Normal
19:38:01,19.20,98.00,358,Normal
19:38:02,19.20,98.00,358,Normal
19:38:03,19.20,98.00,355,Normal
19:38:04,19.20,98.00,353,Normal
19:38:05,19.20,98.00,354,Normal
19:38:06,19.20,98.00,353,Normal
19:38:07,19.20,98.00,353,Normal
19:38:08,19.20,98.00,353,Normal
19:38:09,19.20,98.00,351,Normal
19:38:10,19.20,98.00,351,Normal
19:38:11,19.10,98.00,351,Normal
19:38:12,19.10,98.00,351,Normal
19:38:13,19.10,98.00,351,Normal
19:38:14,19.10,98.00,352,Normal
19:38:15,19.10,98.00,353,Normal
19:38:16,19.10,98.00,354,Normal
19:38:17,19.10,98.00,355,Normal
19:38:18,19.10,98.00,355,Normal
19:38:19,19.10,98.00,353,Normal
19:38:20,19.10,98.00,354,Normal
19:38:21,19.10,98.00,354,Normal
19:38:22,19.10,98.00,353,Normal
19:38:23,19.10,98.00,352,Normal
19:38:24,19.10,98.00,351,Normal
19:38:25,19.10,98.00,357,Normal
19:38:26,19.10,98.00,353,Normal
19:38:27,19.10,98.00,351,Normal
19:38:28,19.10,98.00,347,Normal
19:38:29,19.10,98.00,348,Normal
19:38:30,19.10,98.00,351,Normal
19:38:31,19.10,98.00,351,Normal
19:38:32,19.10,98.00,350,Normal
19:38:33,19.10,98.00,349,Normal
19:38:34,19.10,98.00,353,Normal
19:38:35,19.10,98.00,354,Normal
19:38:36,19.10,98.00,350,Normal
19:38:37,19.10,98.00,348,Normal
19:38:38,19.10,98.00,347,Normal
19:38:39,19.10,98.00,347,Normal
19:38:40,19.10,98.00,347,Normal
19:38:41,19.10,98.00,347,Normal
19:38:42,19.10,98.00,355,Normal
19:38:43,19.10,98.00,355,Normal
19:38:44,19.10,98.00,351,Normal
19:38:45,19.10,98.00,352,Normal
19:38:46,19.10,98.00,349,Normal
19:38:47,19.10,97.00,353,Normal
19:38:48,19.10,97.00,352,Normal
19:38:49,19.10,97.00,353,Normal
19:38:50,19.10,97.00,353,Normal
19:38:51,19.10,97.00,354,Normal
19:38:52,19.10,97.00,353,Normal
19:38:53,19.10,97.00,353,Normal
19:38:54,19.10,97.00,353,Normal
19:38:55,19.10,97.00,356,Normal
19:38:56,19.10,97.00,355,Normal
19:38:57,19.10,97.00,355,Normal
19:38:58,19.10,97.00,356,Normal
19:38:59,19.00,97.00,356,Normal
19:39:00,19.00,97.00,355,Normal
19:39:01,19.00,97.00,355,Normal
19:39:02,19.00,97.00,356,Normal
19:39:03,19.00,97.00,360,Normal
19:39:04,19.00,97.00,363,Normal
19:39:05,19.00,97.00,363,Normal
19:39:06,19.00,97.00,362,Normal
19:39:07,19.00,97.00,362,Normal
19:39:08,19.00,97.00,363,Normal
19:39:09,19.00,97.00,363,Normal
19:39:10,19.00,97.00,363,Normal
19:39:11,19.00,97.00,362,Normal
19:39:12,19.00,97.00,361,Normal
19:39:13,19.00,97.00,364,Normal
19:39:14,19.00,97.00,362,Normal
19:39:15,19.00,97.00,359,Normal
19:39:16,19.00,97.00,359,Normal
19:39:17,19.00,97.00,359,Normal
19:39:18,19.00,97.00,362,Normal
19:39:19,19.00,97.00,362,Normal
19:39:20,19.00,97.00,363,Normal
19:39:21,19.00,97.00,365,Normal
19:39:22,19.00,97.00,366,Normal
19:39:23,19.00,97.00,363,Normal
19:39:24,19.00,97.00,361,Normal
19:39:25,19.00,97.00,361,Normal
19:39:26,19.00,97.00,355,Normal
19:39:27,19.00,97.00,354,Normal
19:39:28,19.00,97.00,352,Normal
19:39:29,19.00,97.00,350,Normal
19:39:30,19.00,97.00,350,Normal
19:39:31,18.90,97.00,351,Normal
19:39:32,18.90,97.00,352,Normal
19:39:33,18.90,97.00,353,Normal
19:39:34,18.90,97.00,360,Normal
19:39:35,18.90,97.00,360,Normal
19:39:36,18.90,97.00,360,Normal
19:39:37,18.90,97.00,359,Normal
19:39:38,18.90,97.00,360,Normal
19:39:39,18.90,97.00,359,Normal
19:39:40,18.90,97.00,359,Normal
19:39:41,18.90,97.00,359,Normal
19:39:42,18.90,97.00,359,Normal
19:39:43,18.90,97.00,359,Normal
19:39:44,18.90,97.00,360,Normal
19:39:45,18.90,97.00,358,Normal
19:39:46,18.90,97.00,358,Normal
19:39:47,18.90,97.00,359,Normal
19:39:48,18.90,97.00,359,Normal
19:39:49,18.90,97.00,359,Normal
19:39:50,18.90,97.00,359,Normal
19:39:51,18.90,97.00,360,Normal
19:39:52,18.90,97.00,359,Normal
19:39:53,18.90,97.00,360,Normal
19:39:54,18.90,97.00,360,Normal
19:39:55,18.90,97.00,359,Normal
19:39:56,18.90,97.00,364,Normal
19:39:57,18.90,97.00,367,Normal
19:39:58,18.90,97.00,366,Normal
19:39:59,18.90,97.00,370,Normal
19:40:00,18.90,97.00,370,Normal
19:40:01,18.90,97.00,367,Normal
19:40:02,18.90,97.00,363,Normal
19:40:03,18.90,97.00,361,Normal
19:40:04,18.90,97.00,361,Normal
19:40:05,18.90,97.00,359,Normal
19:40:06,18.90,97.00,355,Normal
19:40:07,18.90,97.00,354,Normal
19:40:08,18.90,97.00,356,Normal
19:40:09,18.90,97.00,356,Normal
19:40:10,18.90,97.00,356,Normal
19:40:11,18.90,97.00,355,Normal
19:40:12,18.90,97.00,355,Normal
19:40:13,18.90,97.00,356,Normal
19:40:14,18.90,97.00,356,Normal
19:40:15,18.90,97.00,355,Normal
19:40:16,18.90,97.00,354,Normal
19:40:17,18.90,97.00,355,Normal
19:40:18,18.90,97.00,355,Normal
19:40:19,18.90,97.00,355,Normal
19:40:20,18.90,97.00,354,Normal
19:40:21,18.90,97.00,355,Normal
19:40:22,18.90,97.00,355,Normal
19:40:23,18.90,97.00,355,Normal
19:40:24,18.90,97.00,355,Normal
19:40:25,18.90,97.00,355,Normal
19:40:26,18.90,97.00,355,Normal
19:40:27,18.90,97.00,355,Normal
19:40:28,18.90,97.00,356,Normal
19:40:29,18.90,97.00,356,Normal
19:40:30,18.90,97.00,356,Normal
19:40:31,18.80,97.00,356,Normal
19:40:32,18.80,97.00,356,Normal
19:40:33,18.80,97.00,357,Normal
19:40:34,18.80,97.00,357,Normal
19:40:35,18.80,97.00,358,Normal
19:40:36,18.80,97.00,360,Normal
19:40:37,18.80,97.00,360,Normal
19:40:38,18.80,97.00,361,Normal
19:40:39,18.80,96.00,361,Normal
19:40:40,18.80,96.00,360,Normal
19:40:41,18.80,96.00,360,Normal
19:40:42,18.80,96.00,360,Normal
19:40:43,18.80,96.00,360,Normal
19:40:45,18.80,96.00,361,Normal
19:40:46,18.80,96.00,361,Normal
19:40:47,18.80,96.00,361,Normal
19:40:48,18.80,96.00,360,Normal
19:40:49,18.80,96.00,358,Normal
19:40:50,18.80,96.00,358,Normal
19:40:51,18.80,96.00,357,Normal
19:40:52,18.80,96.00,357,Normal
19:40:53,18.80,96.00,357,Normal
19:40:54,18.80,96.00,357,Normal
19:40:55,18.80,96.00,356,Normal
19:40:56,18.80,96.00,357,Normal
19:40:57,18.80,96.00,356,Normal
19:40:58,18.80,96.00,357,Normal
19:40:59,18.80,96.00,357,Normal
19:41:00,18.80,96.00,357,Normal
19:41:01,18.80,96.00,358,Normal
19:41:02,18.80,96.00,358,Normal
19:41:03,18.80,96.00,358,Normal
19:41:04,18.80,96.00,359,Normal
19:41:05,18.80,96.00,360,Normal
19:41:06,18.80,96.00,360,Normal
19:41:07,18.80,96.00,359,Normal
19:41:08,18.80,96.00,359,Normal
19:41:09,18.80,96.00,359,Normal
19:41:10,18.80,96.00,359,Normal
19:41:11,18.80,96.00,361,Normal
19:41:12,18.80,96.00,361,Normal
19:41:13,18.80,96.00,361,Normal
19:41:14,18.80,96.00,359,Normal
19:41:15,18.80,96.00,360,Normal
19:41:16,18.80,96.00,360,Normal
19:41:17,18.80,96.00,360,Normal
19:41:18,18.80,96.00,361,Normal
19:41:19,18.80,96.00,361,Normal
19:41:20,18.80,96.00,361,Normal
19:41:21,18.80,96.00,360,Normal
19:41:22,18.80,96.00,355,Normal
19:41:23,18.80,96.00,355,Normal
19:41:24,18.80,96.00,355,Normal
19:41:25,18.80,96.00,356,Normal
19:41:26,18.80,96.00,356,Normal
19:41:27,18.80,96.00,355,Normal
19:41:28,18.70,96.00,355,Normal
19:41:29,18.70,96.00,355,Normal
19:41:30,18.70,96.00,355,Normal
19:41:31,18.70,96.00,355,Normal
19:41:32,18.70,96.00,356,Normal
19:41:33,18.70,96.00,356,Normal
19:41:34,18.70,96.00,356,Normal
19:41:35,18.70,96.00,357,Normal
19:41:36,18.70,96.00,358,Normal
19:41:37,18.70,96.00,359,Normal
19:41:38,18.70,96.00,357,Normal
19:41:39,18.70,96.00,356,Normal
19:41:40,18.70,96.00,357,Normal
19:41:41,18.70,96.00,356,Normal
19:41:42,18.70,96.00,355,Normal
19:41:43,18.70,96.00,355,Normal
19:41:44,18.70,96.00,354,Normal
19:41:45,18.70,96.00,354,Normal
19:41:46,18.70,96.00,355,Normal
19:41:47,18.70,96.00,355,Normal
19:41:48,18.70,96.00,355,Normal
19:41:49,18.70,96.00,355,Normal
19:41:50,18.70,96.00,356,Normal
19:41:51,18.70,96.00,355,Normal
19:41:52,18.70,96.00,355,Normal
19:41:53,18.70,96.00,356,Normal
19:41:54,18.70,96.00,355,Normal
19:41:55,18.70,96.00,355,Normal
19:41:56,18.70,96.00,354,Normal
19:41:57,18.70,96.00,355,Normal
19:41:58,18.70,96.00,356,Normal
19:41:59,18.70,96.00,357,Normal
19:42:00,18.70,96.00,356,Normal
19:42:01,18.70,96.00,357,Normal
19:42:02,18.70,96.00,358,Normal
19:42:03,18.70,96.00,357,Normal
19:42:04,18.70,96.00,356,Normal
19:42:05,18.70,96.00,355,Normal
19:42:06,18.70,96.00,355,Normal
19:42:07,18.70,96.00,354,Normal
19:42:08,18.70,96.00,354,Normal
19:42:09,18.70,96.00,354,Normal
19:42:10,18.70,96.00,355,Normal
19:42:11,18.70,96.00,354,Normal
19:42:12,18.70,96.00,351,Normal
19:42:13,18.70,96.00,352,Normal
19:42:14,18.70,96.00,352,Normal
19:42:15,18.70,96.00,351,Normal
19:42:16,18.70,96.00,352,Normal
19:42:17,18.70,96.00,351,Normal
19:42:18,18.70,96.00,352,Normal
19:42:19,18.70,96.00,357,Normal
19:42:20,18.70,96.00,358,Normal
19:42:21,18.70,96.00,360,Normal
19:42:22,18.70,96.00,362,Normal
19:42:23,18.70,96.00,364,Normal
19:42:24,18.70,95.00,366,Normal
19:42:25,18.70,95.00,366,Normal
19:42:26,18.70,95.00,367,Normal
19:42:27,18.70,95.00,368,Normal
19:42:28,18.70,95.00,368,Normal
19:42:29,18.70,95.00,365,Normal
19:42:30,18.70,95.00,376,Normal
19:42:31,18.70,95.00,362,Normal
19:42:32,18.70,95.00,361,Normal
19:42:33,18.70,95.00,360,Normal
19:42:34,18.70,95.00,360,Normal
19:42:35,18.70,95.00,362,Normal
19:42:36,18.60,95.00,362,Normal
19:42:37,18.60,95.00,363,Normal
19:42:38,18.60,95.00,362,Normal
19:42:39,18.60,95.00,362,Normal
19:42:40,18.60,95.00,361,Normal
19:42:41,18.60,95.00,359,Normal
19:42:42,18.60,95.00,360,Normal
19:42:43,18.60,95.00,361,Normal
19:42:44,18.60,95.00,362,Normal
19:42:45,18.60,95.00,362,Normal
19:42:46,18.60,95.00,362,Normal
19:42:47,18.60,95.00,363,Normal
19:42:48,18.60,95.00,363,Normal
19:42:49,18.60,95.00,362,Normal
19:42:50,18.60,95.00,376,Normal
19:42:51,18.60,95.00,355,Normal
19:42:52,18.60,95.00,353,Normal
19:42:53,18.60,95.00,351,Normal
19:42:54,18.60,95.00,348,Normal
19:42:55,18.60,95.00,349,Normal
19:42:56,18.60,95.00,349,Normal
19:42:57,18.60,95.00,358,Normal
19:42:58,18.60,95.00,362,Normal
19:42:59,18.60,95.00,362,Normal
19:43:00,18.60,95.00,362,Normal
19:43:01,18.60,95.00,361,Normal
19:43:02,18.60,95.00,361,Normal
19:43:03,18.60,95.00,361,Normal
19:43:04,18.60,95.00,360,Normal
19:43:05,18.60,95.00,361,Normal
19:43:06,18.60,95.00,359,Normal
19:43:07,18.60,95.00,356,Normal
19:43:08,18.60,95.00,355,Normal
19:43:09,18.60,95.00,354,Normal
19:43:10,18.60,95.00,354,Normal
19:43:11,18.60,95.00,354,Normal
19:43:12,18.60,95.00,354,Normal
19:43:13,18.60,95.00,355,Normal
19:43:14,18.60,95.00,355,Normal
19:43:15,18.60,95.00,355,Normal
19:43:16,18.60,95.00,355,Normal
19:43:17,18.60,95.00,357,Normal
19:43:18,18.60,95.00,360,Normal
19:43:19,18.60,95.00,363,Normal
19:43:20,18.60,95.00,363,Normal
19:43:21,18.60,95.00,361,Normal
19:43:22,18.60,95.00,359,Normal
19:43:23,18.60,95.00,358,Normal
19:43:24,18.60,94.00,356,Normal
19:43:25,18.60,94.00,357,Normal
19:43:26,18.60,94.00,357,Normal
19:43:27,18.60,94.00,358,Normal
19:43:32,18.60,94.00,358,Normal
19:43:50,18.60,94.00,358,Normal
19:43:56,18.60,94.00,356,Normal
19:44:21,18.60,94.00,356,Normal
19:44:24,18.50,94.00,356,Normal
19:44:35,18.50,94.00,355,Normal
19:44:46,18.50,94.00,358,Normal
19:45:00,18.50,94.00,359,Normal
19:45:21,18.50,94.00,360,Normal
19:45:38,18.50,94.00,361,Normal
19:45:44,18.50,94.00,361,Normal
19:46:07,18.50,94.00,362,Normal
19:46:31,18.60,94.00,355,Normal
19:46:34,18.60,94.00,353,Normal
19:46:44,18.60,94.00,360,Normal
19:46:55,18.60,94.00,362,Normal
19:47:03,18.60,94.00,360,Normal
19:47:07,18.60,94.00,359,Normal
19:47:19,18.60,94.00,357,Normal
19:47:34,18.60,94.00,355,Normal
19:48:00,18.60,94.00,354,Normal
19:48:10,18.60,94.00,353,Normal
19:48:19,18.60,94.00,354,Normal
19:48:20,18.60,94.00,358,Normal
19:48:27,18.60,94.00,359,Normal
19:48:50,18.60,94.00,350,Normal
19:49:15,18.60,94.00,331,Normal
19:49:24,18.60,94.00,329,Normal
19:49:26,18.60,94.00,329,Normal
19:49:33,18.60,94.00,332,Normal
19:49:57,18.60,94.00,361,Normal
19:50:00,18.60,94.00,361,Normal
19:50:10,18.60,94.00,360,Normal
19:50:21,18.60,94.00,360,Normal
19:50:29,18.60,94.00,360,Normal
19:50:33,18.60,94.00,361,Normal
19:50:45,18.60,94.00,361,Normal
19:51:00,18.60,94.00,362,Normal
19:51:26,18.60,94.00,361,Normal
19:51:36,18.60,94.00,361,Normal
19:51:43,18.60,94.00,361,Normal
19:52:07,18.60,94.00,363,Normal
19:52:10,18.60,94.00,363,Normal
19:52:22,18.60,94.00,363,Normal
19:52:38,18.60,94.00,362,Normal
19:53:04,18.60,94.00,362,Normal
19:53:14,18.60,94.00,362,Normal
19:53:21,18.60,94.00,360,Normal
19:53:45,18.60,94.00,361,Normal
19:53:48,18.60,94.00,361,Normal
